0.531372, -0.070474, 3.107966, 0.112267
0.531409, -0.073934, 3.104253, 0.112700
0.530086, -0.075664, 3.104306, 0.114001
0.527114, -0.077151, 3.107745, 0.113784
0.527388, -0.074839, 3.103903, 0.112050
0.522377, -0.061363, 3.114598, 0.112484
0.524116, -0.071273, 3.103606, 0.113784
0.524611, -0.069416, 3.106251, 0.112050
0.531680, -0.068382, 3.103507, 0.113351
0.530908, -0.063891, 3.106221, 0.113351
0.526493, -0.060419, 3.111509, 0.112917
0.527084, -0.060262, 3.110808, 0.114218
0.524101, -0.061614, 3.110494, 0.114651
0.517300, -0.060006, 3.113065, 0.113567
0.522176, -0.069867, 3.105833, 0.113134
0.527233, -0.071294, 3.105436, 0.113784
0.525155, -0.075733, 3.101531, 0.111834
0.524673, -0.070729, 3.103816, 0.112917
0.528902, -0.070379, 3.107745, 0.112917
0.523158, -0.070921, 3.105583, 0.112700
0.519909, -0.077412, 3.101313, 0.113567
0.523472, -0.067505, 3.107256, 0.114651
0.528729, -0.069501, 3.105312, 0.113351
0.536866, -0.071328, 3.101118, 0.112917
0.531164, -0.073618, 3.098905, 0.114651
0.533094, -0.058802, 3.109115, 0.113351
0.528689, -0.071511, 3.103205, 0.113134
0.522206, -0.065589, 3.108155, 0.000000
0.522202, -0.074314, 3.104417, 0.062635
0.520799, -0.075434, 3.101383, 0.097529
0.515774, -0.079062, 3.099454, 0.134590
0.504598, -0.079677, 3.108432, 0.314044
0.500389, -0.076946, 3.110026, 0.358041
0.492241, -0.061588, 3.121014, 0.473992
0.474840, -0.076953, 3.116863, 0.487213
0.468644, -0.065308, 3.120408, 0.527958
0.452231, -0.061717, 3.123933, 0.560685
0.440276, -0.067177, 3.121498, 0.578240
0.437934, -0.064265, 3.122599, 0.565453
0.434777, -0.069662, 3.117017, 0.570438
0.422400, -0.063019, 3.126125, 0.569788
0.413755, -0.065434, 3.125251, 0.563069
0.401165, -0.060193, 3.126486, 0.582141
0.394593, -0.069807, 3.127770, 0.599913
0.382873, -0.063946, 3.129591, 0.590160
0.368458, -0.071236, 3.131844, 0.573689
0.359323, -0.073025, 3.129588, 0.570871
0.367863, -0.080105, 3.126873, 0.569571
0.376441, -0.079042, 3.120423, 0.568921
0.365764, -0.070721, 3.123440, 0.580191
0.358201, -0.071323, 3.124529, 0.587776
0.347278, -0.073209, 3.128469, 0.593411
0.335243, -0.079508, 3.131893, 0.590811
0.326020, -0.076515, 3.135253, 0.592761
0.307466, -0.086397, -3.137254, 0.594278
0.294898, -0.071583, -3.122593, 0.594495
0.294615, -0.067678, -3.123182, 0.594278
0.283056, -0.075191, -3.121710, 0.592978
0.257948, -0.081609, -3.109349, 0.592978
0.236908, -0.083893, -3.099642, 0.591027
0.221517, -0.096217, -3.097588, 0.584959
0.203601, -0.097111, -3.084640, 0.586909
0.176811, -0.100778, -3.070449, 0.586476
0.165283, -0.093082, -3.053471, 0.592328
0.166683, -0.094357, -3.056250, 0.592544
0.157479, -0.098934, -3.051762, 0.591027
0.134166, -0.110088, -3.040462, 0.592761
0.121961, -0.109352, -3.028362, 0.595795
0.108334, -0.121022, -3.020689, 0.594278
0.085409, -0.128372, -3.011600, 0.590160
0.070140, -0.132002, -2.999470, 0.590377
0.040338, -0.137617, -2.986908, 0.592111
0.025210, -0.145562, -2.977955, 0.581708
0.024219, -0.148266, -2.981340, 0.582358
0.017960, -0.148790, -2.978125, 0.583658
0.002816, -0.152908, -2.968372, 0.588427
0.001539, -0.151617, -2.956530, 0.588210
-0.018154, -0.149178, -2.940533, 0.590377
-0.028038, -0.160125, -2.934245, 0.594278
-0.049436, -0.160513, -2.924469, 0.601214
-0.071085, -0.174865, -2.914401, 0.596012
-0.083626, -0.171567, -2.913724, 0.601430
-0.086895, -0.180619, -2.907560, 0.592761
-0.093121, -0.161033, -2.904021, 0.595579
-0.117321, -0.176061, -2.908051, 0.587993
-0.137125, -0.181733, -2.909030, 0.583225
-0.142443, -0.177354, -2.905594, 0.588210
-0.154945, -0.181148, -2.911260, 0.590160
-0.173712, -0.198073, -2.915475, 0.591244
-0.199724, -0.198014, -2.911282, 0.596229
-0.219502, -0.190029, -2.899088, 0.598830
-0.227129, -0.189206, -2.893735, 0.597746
-0.227713, -0.191469, -2.893447, 0.597313
-0.243709, -0.191250, -2.894933, 0.593628
-0.256145, -0.191630, -2.891903, 0.595362
-0.268883, -0.201625, -2.901567, 0.591678
-0.278196, -0.201719, -2.905645, 0.588860
-0.291669, -0.206602, -2.904865, 0.589293
-0.308059, -0.201390, -2.903742, 0.593411
-0.321759, -0.197735, -2.890009, 0.595362
-0.327042, -0.206567, -2.897219, 0.594928
-0.338335, -0.211585, -2.893281, 0.594928
-0.351756, -0.214159, -2.887431, 0.597313
-0.367347, -0.218841, -2.881973, 0.598830
-0.385839, -0.225266, -2.874800, 0.599046
-0.404552, -0.226685, -2.866567, 0.596879
-0.422371, -0.229518, -2.845476, 0.590594
-0.454651, -0.237866, -2.824929, 0.591678
-0.462491, -0.244325, -2.816904, 0.589293
-0.460012, -0.244995, -2.817789, 0.590594
-0.457085, -0.241211, -2.822752, 0.586476
-0.466682, -0.246227, -2.814644, 0.592328
-0.484048, -0.240329, -2.799661, 0.596446
-0.497474, -0.254616, -2.782184, 0.595362
-0.513710, -0.254665, -2.759880, 0.593628
-0.541537, -0.278881, -2.728385, 0.596012
-0.554546, -0.289161, -2.718510, 0.591678
-0.554330, -0.283908, -2.712807, 0.591244
-0.554114, -0.284890, -2.703762, 0.586259
-0.568354, -0.297355, -2.683442, 0.590377
-0.582816, -0.315994, -2.663851, 0.594712
-0.598698, -0.331884, -2.639090, 0.590377
-0.602187, -0.339769, -2.629992, 0.593411
-0.629993, -0.356258, -2.605250, 0.595145
-0.639589, -0.375691, -2.583856, 0.589727
-0.638041, -0.376792, -2.582061, 0.589077
-0.638850, -0.379608, -2.578828, 0.586909
-0.646569, -0.389096, -2.571603, 0.597313
-0.654331, -0.390530, -2.569305, 0.601864
-0.664645, -0.388932, -2.573576, 0.600130
-0.682324, -0.403568, -2.575667, 0.599046
-0.694193, -0.404605, -2.571904, 0.601214
-0.719855, -0.406351, -2.575904, 0.592761
-0.737689, -0.413333, -2.575779, 0.589944
-0.737691, -0.419732, -2.569100, 0.593628
-0.735829, -0.408756, -2.577320, 0.594712
-0.743290, -0.410003, -2.584124, 0.594278
-0.752878, -0.400433, -2.593230, 0.595795
-0.765994, -0.416774, -2.594238, 0.598179
-0.787581, -0.421713, -2.592659, 0.600130
-0.801997, -0.440949, -2.573960, 0.597746
-0.822666, -0.460022, -2.545876, 0.594278
-0.835181, -0.467702, -2.525417, 0.595362
-0.825961, -0.487030, -2.508047, 0.593845
-0.825435, -0.486662, -2.510339, 0.590811
-0.829899, -0.504985, -2.483089, 0.589077
-0.839163, -0.517958, -2.464703, 0.586042
-0.840126, -0.542319, -2.447189, 0.589727
-0.827966, -0.545885, -2.437864, 0.591244
-0.842791, -0.565688, -2.418560, 0.591244
-0.869890, -0.599069, -2.395465, 0.600347
-0.860054, -0.554130, -2.422746, 0.601647
-0.841352, -0.579920, -2.407839, 0.598830
-0.775233, -0.500198, -2.448309, 0.600997
-0.836843, -0.533483, -2.340424, 0.596879
-0.887432, -0.574166, -2.277036, 0.592544
-0.920807, -0.607513, -2.236960, 0.587560
-0.936502, -0.621889, -2.220034, 0.586693
-0.948536, -0.644298, -2.192097, 0.588860
-0.974958, -0.669838, -2.157270, 0.591678
-0.977389, -0.692160, -2.132814, 0.599263
-0.979615, -0.701262, -2.128697, 0.598179
-0.975034, -0.700558, -2.129190, 0.600130
-0.977729, -0.706144, -2.112709, 0.597963
-0.975531, -0.727898, -2.101394, 0.595362
-0.976787, -0.743416, -2.081527, 0.589077
-0.966880, -0.737437, -2.067284, 0.575856
-0.963934, -0.758668, -2.055703, 0.576723
-0.968652, -0.775586, -2.031940, 0.584092
-0.975970, -0.757220, -2.002804, 0.591894
-0.991563, -0.753966, -1.966660, 0.592978
-0.998293, -0.759424, -1.962860, 0.596229
-1.004857, -0.773924, -1.952799, 0.604681
-1.009484, -0.824446, -1.919661, 0.602731
-1.042144, -0.858294, -1.904116, 0.595579
-1.062639, -0.933081, -1.874601, 0.591894
-1.067187, -1.006064, -1.847238, 0.586909
-1.068583, -1.020667, -1.836677, 0.579324
-1.079171, -1.100915, -1.808020, 0.590377
-1.087158, -1.116242, -1.801869, 0.593628
-1.088451, -1.132956, -1.778958, 0.595795
-1.078528, -1.148399, -1.753998, 0.597529
-1.067923, -1.182264, -1.723892, 0.597963
-1.078793, -1.193327, -1.723395, 0.598830
-1.073293, -1.230829, -1.673913, 0.591461
-1.080282, -1.227538, -1.683958, 0.586476
-1.077975, -1.227555, -1.673534, 0.590811
-1.078441, -1.248199, -1.658312, 0.589293
-1.080743, -1.244384, -1.655830, 0.589510
-1.078244, -1.271589, -1.629218, 0.588860
-1.079913, -1.307050, -1.597715, 0.593411
-1.081366, -1.325005, -1.593299, 0.594712
-1.082960, -1.340945, -1.571856, 0.591027
-1.080448, -1.380042, -1.548843, 0.592544
-1.077342, -1.397800, -1.532657, 0.599263
-1.067504, -1.398494, -1.530664, 0.597313
-1.072261, -1.417790, -1.532968, 0.595362
-1.075315, -1.432218, -1.529754, 0.593628
-1.071746, -1.416072, -1.536121, 0.596879
-1.073622, -1.416586, -1.544666, 0.599263
-1.077953, -1.440555, -1.543738, 0.597313
-1.085711, -1.453902, -1.541397, 0.599913
-1.085645, -1.475925, -1.539669, 0.603381
-1.094184, -1.482012, -1.538033, 0.605115
-1.110343, -1.516595, -1.533082, 0.601647
-1.123107, -1.570335, -1.515271, 0.601214
-1.130320, -1.583399, -1.503800, 0.602297
-1.132773, -1.589585, -1.507925, 0.600130
-1.145472, -1.610489, -1.497354, 0.591678
-1.153096, -1.648976, -1.489166, 0.593195
-1.172534, -1.705875, -1.473061, 0.592328
-1.189620, -1.786873, -1.446203, 0.593195
-1.209521, -1.875565, -1.409467, 0.597313
-1.215290, -1.947064, -1.363176, 0.602948
-1.222728, -2.030513, -1.339886, 0.608583
-1.232139, -2.053229, -1.331690, 0.609016
-1.227264, -2.080677, -1.313146, 0.613134
-1.224743, -2.106426, -1.306974, 0.610100
-1.209588, -2.075839, -1.292585, 0.601647
-1.207031, -2.127233, -1.277866, 0.600564
-1.158616, -2.161204, -1.343535, 0.594712
-1.113901, -2.077229, -1.401739, 0.592978
-1.087948, -2.054622, -1.423290, 0.606199
-1.071994, -2.040535, -1.444070, 0.610533
-1.055570, -2.044488, -1.456747, 0.607716
-1.047267, -2.033174, -1.468029, 0.612050
-1.040967, -2.026764, -1.481557, 0.609233
-1.041289, -2.049344, -1.482258, 0.606849
-1.038294, -2.064402, -1.482628, 0.599480
-1.045342, -2.097733, -1.480760, 0.592761
-1.040503, -2.114892, -1.484861, 0.596012
-1.029412, -2.145916, -1.488611, 0.592111
-1.026380, -2.167431, -1.494494, 0.597963
-1.023973, -2.156050, -1.498802, 0.597746
-1.023996, -2.161206, -1.502456, 0.600347
-1.022591, -2.170389, -1.492779, 0.605548
-1.027019, -2.215251, -1.468238, 0.607716
-1.017427, -2.229948, -1.454129, 0.604465
-1.011722, -2.237598, -1.441886, 0.607065
-1.002394, -2.241171, -1.438214, 0.607282
-0.998187, -2.261527, -1.436030, 0.606632
-0.997228, -2.294917, -1.436128, 0.601864
-0.998397, -2.304875, -1.431536, 0.602514
-0.998222, -2.316540, -1.426269, 0.603598
-1.001163, -2.350213, -1.424205, 0.600347
-0.996316, -2.358416, -1.423986, 0.598613
-0.995546, -2.349610, -1.436962, 0.605765
-0.989144, -2.360686, -1.445472, 0.607932
-0.981940, -2.369710, -1.460388, 0.612267
-0.977177, -2.398680, -1.459397, 0.609666
-0.977811, -2.423474, -1.455956, 0.608799
-0.979045, -2.415698, -1.456966, 0.607282
-0.979134, -2.449423, -1.449617, 0.605332
-0.980803, -2.474770, -1.437698, 0.598830
-0.980556, -2.510163, -1.424982, 0.598613
-0.970127, -2.525245, -1.431533, 0.599480
-0.965256, -2.531395, -1.433985, 0.599697
-0.966148, -2.547986, -1.430538, 0.602948
-0.968890, -2.554500, -1.420696, 0.604248
-0.964038, -2.560305, -1.427582, 0.607499
-0.960826, -2.569555, -1.432475, 0.605548
-0.953379, -2.563914, -1.442431, 0.605982
-0.953697, -2.576637, -1.435813, 0.604248
-0.956528, -2.585911, -1.433143, 0.602731
-0.952896, -2.598480, -1.432868, 0.600997
-0.952867, -2.610311, -1.429867, 0.596662
-0.950954, -2.609024, -1.436458, 0.603814
-0.954024, -2.603686, -1.441425, 0.604898
-0.952676, -2.598763, -1.441622, 0.604898
-0.946524, -2.618508, -1.435945, 0.607065
-0.944083, -2.631792, -1.434277, 0.611400
-0.939384, -2.646907, -1.432630, 0.611183
-0.935225, -2.639301, -1.442123, 0.612917
-0.928110, -2.661892, -1.443374, 0.609233
-0.924918, -2.679320, -1.434468, 0.602948
-0.919586, -2.694339, -1.435564, 0.599697
-0.916735, -2.691521, -1.443231, 0.598613
-0.915634, -2.693471, -1.442688, 0.597746
-0.917145, -2.702890, -1.444026, 0.597096
-0.916127, -2.713749, -1.445783, 0.599046
-0.913379, -2.723274, -1.447999, 0.605548
-0.916874, -2.743592, -1.452786, 0.608366
-0.912810, -2.756876, -1.453645, 0.607716
-0.906426, -2.766876, -1.454177, 0.602948
-0.911781, -2.796512, -1.445546, 0.603598
-0.917270, -2.791940, -1.443737, 0.603381
-0.913665, -2.788880, -1.460584, 0.601430
-0.908784, -2.799148, -1.466801, 0.599263
-0.905420, -2.833883, -1.455311, 0.599480
-0.905441, -2.853955, -1.452603, 0.605332
-0.896514, -2.858204, -1.470812, 0.610750
-0.897403, -2.860672, -1.479355, 0.611400
-0.895706, -2.883134, -1.484746, 0.607499
-0.902848, -2.902935, -1.477338, 0.608799
-0.905242, -2.913337, -1.471090, 0.612484
-0.909084, -2.921907, -1.473719, 0.607282
-0.906999, -2.917522, -1.478157, 0.606849
-0.909872, -2.933367, -1.478177, 0.605115
-0.911941, -2.936496, -1.481957, 0.601647
-0.906535, -2.953466, -1.476832, 0.599480
-0.906071, -2.975541, -1.477090, 0.598613
-0.909194, -2.996708, -1.485019, 0.605548
-0.910211, -3.002320, -1.485281, 0.606632
-0.913289, -3.019558, -1.491482, 0.611183
-0.917054, -3.018593, -1.497775, 0.630256
-0.912744, -3.051725, -1.489795, 0.625271
-0.904725, -3.069735, -1.488696, 0.624837
-0.906202, -3.082169, -1.491764, 0.633290
-0.906644, -3.093460, -1.490296, 0.631990
-0.907314, -3.118991, -1.475006, 0.628305
-0.913804, -3.146588, -1.467410, 0.627005
-0.911079, -3.167671, -1.464149, 0.632423
-0.914433, -3.161014, -1.467220, 0.632857
-0.913429, -3.164408, -1.469578, 0.636541
-0.908024, -3.179034, -1.463746, 0.636324
-0.902063, -3.202387, -1.464401, 0.631773
-0.898555, -3.225600, -1.457520, 0.633940
-0.903305, -3.246993, -1.442396, 0.635891
-0.899257, -3.258658, -1.430623, 0.635674
-0.900373, -3.266314, -1.429331, 0.634374
-0.896275, -3.292197, -1.424685, 0.634807
-0.899582, -3.286263, -1.431032, 0.632640
-0.898551, -3.293434, -1.430069, 0.632206
-0.890879, -3.308114, -1.424219, 0.631556
-0.887280, -3.338494, -1.405043, 0.637625
-0.891217, -3.350486, -1.393892, 0.640876
-0.885815, -3.370648, -1.382452, 0.643476
-0.881554, -3.388765, -1.369784, 0.643693
-0.881421, -3.416097, -1.345425, 0.639142
-0.881185, -3.404253, -1.357842, 0.630906
-0.879751, -3.424617, -1.353866, 0.627438
-0.879859, -3.424210, -1.349888, 0.625271
-0.870266, -3.439766, -1.342750, 0.631990
-0.873245, -3.460456, -1.312634, 0.637408
-0.871464, -3.479679, -1.301843, 0.638708
-0.861018, -3.488813, -1.290192, 0.639575
-0.852874, -3.516895, -1.261561, 0.638925
-0.845579, -3.540150, -1.241826, 0.634590
-0.845382, -3.543452, -1.235616, 0.638275
-0.850199, -3.539002, -1.242395, 0.637625
-0.844269, -3.549039, -1.240467, 0.635674
-0.835846, -3.573783, -1.211530, 0.635891
-0.833062, -3.581364, -1.199334, 0.635891
-0.830371, -3.597003, -1.176855, 0.632423
-0.827459, -3.612980, -1.162604, 0.632640
-0.824112, -3.625247, -1.142436, 0.632423
-0.810496, -3.645833, -1.110472, 0.641309
-0.798826, -3.652724, -1.095301, 0.641743
-0.798703, -3.655769, -1.095240, 0.634807
-0.800640, -3.648895, -1.097642, 0.632857
-0.791139, -3.672235, -1.069881, 0.629822
-0.780998, -3.678447, -1.045455, 0.635891
-0.773627, -3.697679, -1.008472, 0.633073
-0.740692, -3.723742, -0.964805, 0.638058
-0.696402, -3.743464, -0.935504, 0.638275
-0.661909, -3.768072, -0.899892, 0.636107
-0.628744, -3.793883, -0.869903, 0.634590
-0.606455, -3.790718, -0.850581, 0.633507
-0.603846, -3.789179, -0.849212, 0.639142
-0.595556, -3.794779, -0.831080, 0.635674
-0.580484, -3.795068, -0.814113, 0.631990
-0.565048, -3.853089, -0.752451, 0.627221
-0.539421, -3.867337, -0.724189, 0.625921
-0.521011, -3.873487, -0.711668, 0.627872
-0.492415, -3.890726, -0.682844, 0.635891
-0.472001, -3.890109, -0.659877, 0.640659
-0.465225, -3.885983, -0.663198, 0.638492
-0.458869, -3.883118, -0.648611, 0.633940
-0.434074, -3.900847, -0.620831, 0.631773
-0.407628, -3.894671, -0.611255, 0.628305
-0.373227, -3.912778, -0.585439, 0.630906
-0.320077, -3.922734, -0.555148, 0.633507
-0.291767, -3.913800, -0.536320, 0.638492
-0.252545, -3.917333, -0.524982, 0.637841
-0.214441, -3.899827, -0.513139, 0.632857
-0.203236, -3.902147, -0.511738, 0.629389
-0.180795, -3.913767, -0.504253, 0.624404
-0.166546, -3.906668, -0.491494, 0.623537
-0.140981, -3.881695, -0.483917, 0.620936
-0.106641, -3.875391, -0.468209, 0.619636
-0.082140, -3.872481, -0.457178, 0.630256
-0.076767, -3.853471, -0.433584, 0.639142
-0.042974, -3.869253, -0.401107, 0.668401
-0.033453, -3.895946, -0.364085, 0.654313
-0.033068, -3.903495, -0.344165, 0.685522
-0.030832, -3.911208, -0.340186, 0.659948
0.014101, -3.945484, -0.302685, 0.682488
0.035367, -3.958729, -0.275774, 0.681838
0.059587, -3.958834, -0.241631, 0.673602
0.088698, -3.973623, -0.206364, 0.748808
0.099489, -3.986583, -0.163629, 0.710013
0.149739, -4.017308, -0.130892, 0.825531
0.174337, -3.998465, -0.094472, 0.825531
0.187080, -3.995088, -0.095181, 0.846771
0.213307, -4.009764, -0.061449, 0.858908
0.251399, -4.021162, -0.045786, 0.908973
0.280023, -4.018981, 0.008322, 0.948418
0.299000, -4.028762, 0.017693, 0.988296
0.306373, -4.003366, 0.050371, 1.024924
0.339015, -3.994357, 0.070260, 1.044213
0.387915, -3.994652, 0.081498, 1.092761
0.408623, -3.984568, 0.077528, 1.097096
0.421872, -4.002372, 0.087471, 1.104465
0.435986, -4.003393, 0.092427, 1.104898
0.468177, -4.004196, 0.090738, 1.112050
0.521086, -4.009681, 0.081882, 1.102731
0.563295, -4.016120, 0.087030, 1.123104
0.594724, -4.015964, 0.091615, 1.098179
0.658829, -4.039579, 0.094363, 1.105548
0.695504, -4.055165, 0.101735, 1.107282
0.713726, -4.058938, 0.105274, 1.112917
0.730231, -4.065016, 0.111753, 1.098179
0.774031, -4.075854, 0.128618, 1.107065
0.829825, -4.095943, 0.124196, 1.094712
0.871321, -4.099259, 0.133163, 1.114434
0.944288, -4.134700, 0.142307, 1.097746
1.001899, -4.146363, 0.158557, 1.126571
1.062507, -4.158879, 0.181912, 1.111617
1.129250, -4.162318, 0.208767, 1.099263
1.148279, -4.163870, 0.216296, 1.105765
1.182344, -4.163897, 0.235084, 1.115951
1.211032, -4.149152, 0.247238, 1.094928
1.267813, -4.149857, 0.272743, 1.109016
1.289184, -4.137166, 0.282326, 1.100564
1.306574, -4.126560, 0.290356, 1.117902
1.337682, -4.115817, 0.310697, 1.090160
1.362780, -4.104407, 0.321411, 1.099263
1.319597, -3.927296, 0.210263, 1.129822
1.255490, -3.920480, 0.173230, 1.121153
1.226842, -3.909656, 0.161274, 1.108366
1.242309, -3.902794, 0.122909, 1.121586
1.259312, -3.869751, 0.109255, 1.103814
1.266111, -3.863475, 0.101615, 1.111400
1.273470, -3.855367, 0.092339, 1.110316
1.293883, -3.845259, 0.089499, 1.106632
1.302132, -3.837743, 0.083564, 1.100347
1.290624, -3.830866, 0.070337, 1.103598
1.291471, -3.831329, 0.071112, 1.107932
1.307506, -3.838791, 0.077594, 1.096229
1.329876, -3.825828, 0.075096, 1.105548
1.349905, -3.822046, 0.070557, 1.114434
1.377847, -3.824769, 0.074263, 1.112700
1.396129, -3.814336, 0.079311, 1.096229
1.429939, -3.818915, 0.093024, 1.098613
1.455361, -3.812620, 0.101740, 1.119202
1.451992, -3.810676, 0.098722, 1.108799
1.462972, -3.796052, 0.102382, 1.096229
1.490539, -3.794276, 0.122943, 1.120286
1.519228, -3.788266, 0.139105, 1.118986
1.552842, -3.777050, 0.160787, 1.121370
1.592254, -3.763461, 0.178513, 1.122453
1.637599, -3.747305, 0.204529, 1.119636
1.660597, -3.734816, 0.214738, 1.127438
1.658595, -3.729297, 0.214903, 1.127221
1.678407, -3.727720, 0.237227, 1.135457
1.717835, -3.706366, 0.263262, 1.122670
1.742404, -3.697825, 0.281611, 1.118552
1.773399, -3.693030, 0.303115, 1.128305
1.807100, -3.684043, 0.331939, 1.125271
1.843097, -3.675504, 0.357985, 1.108149
1.880468, -3.653970, 0.383842, 1.114434
1.899234, -3.638494, 0.395785, 1.128305
1.900265, -3.635655, 0.396442, 1.119419
1.903176, -3.640278, 0.400492, 1.117902
1.925099, -3.626547, 0.404382, 1.127438
1.951267, -3.605676, 0.408618, 1.120286
1.978497, -3.586125, 0.402032, 1.129606
2.003370, -3.575252, 0.405689, 1.117469
2.019826, -3.565400, 0.389882, 1.129389
2.058840, -3.547146, 0.389830, 1.136974
2.076533, -3.541450, 0.382275, 1.115301
2.091180, -3.542629, 0.379900, 1.115518
2.096702, -3.538583, 0.374422, 1.126788
2.119561, -3.520206, 0.371195, 1.115301
2.147273, -3.504874, 0.365452, 1.126571
2.174748, -3.496301, 0.369915, 1.117252
2.201869, -3.488883, 0.378133, 1.134374
2.226853, -3.471635, 0.397662, 1.127005
2.271377, -3.442048, 0.429133, 1.132206
2.295662, -3.440989, 0.461079, 1.154530
2.293750, -3.440782, 0.462476, 1.139358
2.303082, -3.424282, 0.487459, 1.128739
2.326954, -3.412931, 0.520276, 1.151062
2.357409, -3.382421, 0.565875, 1.130906
2.385121, -3.373200, 0.614711, 1.141959
2.411190, -3.342823, 0.664405, 1.126571
2.441191, -3.310239, 0.695076, 1.125271
2.457430, -3.293952, 0.733073, 1.140876
2.462347, -3.285282, 0.738315, 1.138708
2.463614, -3.284285, 0.735588, 1.129822
2.493545, -3.257440, 0.781719, 1.136107
2.503543, -3.247762, 0.819411, 1.127221
2.551379, -3.241102, 0.899155, 1.138925
2.576066, -3.179251, 0.942161, 1.144777
2.595230, -3.117504, 0.970707, 1.140225
2.622285, -3.049556, 1.014489, 1.157347
2.630939, -3.003203, 1.047430, 1.138708
2.635572, -2.997853, 1.057095, 1.118552
2.637250, -2.952726, 1.085307, 1.124404
2.648634, -2.903815, 1.127560, 1.134157
2.659927, -2.861043, 1.166781, 1.124837
2.675085, -2.857810, 1.232187, 1.134374
2.689512, -2.823619, 1.291116, 1.130689
2.691754, -2.781876, 1.346812, 1.138492
2.701057, -2.767596, 1.366373, 1.131123
2.693446, -2.748977, 1.400780, 1.128955
2.691426, -2.752395, 1.399330, 1.123754
2.679400, -2.722511, 1.436084, 1.127438
2.678954, -2.710424, 1.443555, 1.137408
2.677164, -2.693263, 1.488967, 1.155397
2.683335, -2.639483, 1.515911, 1.131123
2.687410, -2.562516, 1.573973, 1.139142
2.685529, -2.488514, 1.585938, 1.129172
2.690835, -2.468845, 1.594543, 1.141743
2.698794, -2.436944, 1.591608, 1.131123
2.701546, -2.405834, 1.594543, 1.153446
2.702988, -2.415053, 1.593816, 1.142176
2.701227, -2.401368, 1.591266, 1.130472
2.700048, -2.280961, 1.570184, 1.157347
2.691989, -2.183823, 1.578460, 1.139142
2.686991, -2.147890, 1.582090, 1.151929
2.681193, -2.119831, 1.577472, 1.145210
2.683271, -2.073587, 1.567877, 1.138058
2.689258, -2.059341, 1.556361, 1.131773
2.692432, -2.071458, 1.551974, 1.140659
2.693192, -2.056407, 1.550676, 1.140009
2.698581, -2.022328, 1.544732, 1.147811
2.693436, -1.992164, 1.541256, 1.134590
2.688528, -1.943706, 1.539425, 1.138925
2.701853, -1.908708, 1.544752, 1.135457
2.702032, -1.871955, 1.544322, 1.142826
2.704759, -1.829488, 1.528163, 1.135024
2.702899, -1.801128, 1.528101, 1.159298
2.690765, -1.789167, 1.510878, 1.148461
2.691315, -1.715686, 1.480757, 1.129606
2.688731, -1.675936, 1.470740, 1.137191
2.694816, -1.625082, 1.470202, 1.134374
2.705747, -1.580964, 1.471458, 1.136324
2.710515, -1.558108, 1.468104, 1.149978
2.716811, -1.516285, 1.468353, 1.124621
2.712467, -1.477085, 1.462798, 1.155180
2.710680, -1.470060, 1.459634, 1.142826
2.706798, -1.474347, 1.454802, 1.140442
2.716991, -1.449017, 1.445781, 1.158864
2.730284, -1.414266, 1.447368, 1.138058
2.732156, -1.376099, 1.451949, 1.142176
2.741796, -1.332041, 1.444777, 1.138925
2.741483, -1.309232, 1.433406, 1.129822
2.748778, -1.263260, 1.439694, 1.133940
2.757395, -1.226332, 1.433400, 1.143693
2.759881, -1.231763, 1.428340, 1.131990
2.762042, -1.206400, 1.425934, 1.145210
2.765971, -1.179579, 1.419364, 1.131556
2.767483, -1.138392, 1.420594, 1.154963
2.778916, -1.088747, 1.412955, 1.143476
2.778760, -1.048258, 1.405224, 1.141526
2.789658, -1.031369, 1.404766, 1.143476
2.799872, -0.979681, 1.411642, 1.151712
2.805418, -0.948547, 1.407052, 1.135891
2.811273, -0.950447, 1.404131, 1.132640
2.809844, -0.925397, 1.405713, 1.131123
2.816416, -0.896111, 1.413539, 1.138492
2.823075, -0.848708, 1.422737, 1.154096
2.825813, -0.815113, 1.429899, 1.141959
2.830255, -0.777748, 1.449958, 1.131990
2.821736, -0.744478, 1.470117, 1.141743
2.819386, -0.701379, 1.496255, 1.158648
2.818046, -0.683756, 1.508644, 1.138925
2.815261, -0.685876, 1.499641, 1.127655
2.813347, -0.689165, 1.500732, 1.140225
2.812275, -0.652725, 1.532207, 1.138708
2.802583, -0.624558, 1.551824, 1.131556
2.805512, -0.602088, 1.584046, 1.143260
2.794005, -0.573156, 1.608684, 1.122237
2.776454, -0.546682, 1.624652, 1.154746
2.761839, -0.508511, 1.667986, 1.136324
2.751024, -0.479398, 1.697531, 1.151712
2.742478, -0.466537, 1.703664, 1.142609
2.736198, -0.466146, 1.715062, 1.137191
2.726754, -0.438189, 1.760949, 1.154530
2.716551, -0.412054, 1.791821, 1.137841
2.703159, -0.396977, 1.813635, 1.129606
2.682812, -0.364728, 1.857803, 1.143043
2.669774, -0.327363, 1.909156, 1.122887
2.645138, -0.297116, 1.970536, 1.150412
2.614476, -0.280777, 2.023271, 1.133073
2.598750, -0.272850, 2.039400, 1.146944
2.589381, -0.276921, 2.049127, 1.138058
2.562860, -0.240959, 2.092760, 1.146294
2.532886, -0.218460, 2.136484, 1.137408
2.504311, -0.192760, 2.186602, 1.139575
2.470897, -0.189058, 2.209214, 1.145210
2.446487, -0.148501, 2.275322, 1.140659
2.424133, -0.109293, 2.325580, 1.140225
2.432436, -0.070349, 2.390891, 1.136758
2.458990, -0.060413, 2.394725, 1.156697
2.473710, -0.056372, 2.395810, 1.149111
2.457535, -0.039466, 2.436151, 1.131556
2.390400, -0.089059, 2.424598, 1.132857
2.313776, -0.105091, 2.453899, 1.127005
2.310752, -0.032181, 2.531066, 1.147594
2.267132, -0.023750, 2.576831, 1.143043
2.225888, -0.002334, 2.601239, 1.148895
2.189289, -0.011218, 2.626032, 1.145210
2.154225, -0.045856, 2.642617, 1.140225
2.123252, -0.030957, 2.652767, 1.136758
2.072207, -0.042656, 2.674732, 1.151929
2.020723, -0.044173, 2.691459, 1.156264
1.959398, -0.070695, 2.707811, 1.172302
1.904116, -0.111557, 2.740355, 1.160165
1.830930, -0.054883, 2.807599, 1.138708
1.738280, -0.019195, 2.879742, 1.143693
1.704926, -0.009625, 2.914251, 1.149978
1.692674, -0.015286, 2.915474, 1.171868
1.689679, -0.019828, 2.959595, 1.171001
1.655729, -0.013736, 3.012030, 1.143260
1.632454, -0.007649, 3.061959, 1.157781
1.610778, -0.015666, 3.081649, 1.140009
1.598687, -0.019886, 3.110572, 1.160381
1.562547, -0.020774, 3.109985, 1.149545
1.513233, -0.021604, 3.105567, 1.160381
1.488802, -0.016928, 3.104915, 1.151062
1.484777, -0.014467, 3.105393, 1.163416
1.484581, -0.014972, 3.107687, 1.157997
1.452084, -0.018514, 3.096566, 1.157564
1.332877, -0.170022, 3.001985, 1.160165
1.284805, -0.179910, 2.982070, 1.152796
1.242284, -0.165788, 2.987804, 1.167967
1.210673, -0.172214, 2.985360, 1.147811
1.146163, -0.145178, 2.984462, 1.154096
1.118565, -0.145235, 2.980904, 1.163199
1.114438, -0.136563, 2.976251, 1.155180
1.111783, -0.135464, 2.976679, 1.157347
1.093901, -0.133047, 2.977847, 1.179887
1.053896, -0.123416, 2.969217, 1.155613
1.023137, -0.119237, 2.969830, 1.158214
0.986355, -0.089671, 2.969280, 1.153013
0.924782, -0.090911, 2.977073, 1.161682
0.897444, -0.104270, 2.980330, 1.141526
0.893032, -0.105613, 2.977879, 1.157997
0.894069, -0.113652, 3.000491, 1.164066
0.875835, -0.114177, 3.023660, 1.151712
0.838700, -0.123467, 3.039552, 1.159081
0.817712, -0.124424, 3.048283, 1.165366
0.807202, -0.144450, 3.067109, 1.156047
0.771988, -0.156889, 3.080423, 1.171218
0.719108, -0.155942, 3.096026, 0.957521
0.693784, -0.136801, 3.094803, 0.641959
0.679357, -0.137254, 3.089805, 0.450585
0.674252, -0.136163, 3.094494, 0.304075
0.671214, -0.138998, 3.095298, 0.117252
0.665647, -0.135494, 3.097955, 0.000000
0.666084, -0.133422, 3.096453, 0.000000
0.671231, -0.136431, 3.089965, 0.070871
0.669799, -0.144541, 3.088164, 0.089727
0.663195, -0.133887, 3.093734, 0.105332
0.665241, -0.134754, 3.092005, 0.108149
0.668182, -0.138541, 3.090781, 0.109666
0.666276, -0.143533, 3.090405, 0.112050
0.669630, -0.141860, 3.088295, 0.112484
0.663241, -0.141692, 3.093393, 0.111617
0.673248, -0.139374, 3.087757, 0.112917
0.672485, -0.133719, 3.093902, 0.112700
0.669272, -0.134782, 3.090840, 0.112050
0.670173, -0.134344, 3.095653, 0.114434
0.670957, -0.149421, 3.086410, 0.112700
0.678133, -0.154163, 3.082091, 0.112700
0.681358, -0.150924, 3.078980, 0.114001
0.686551, -0.144719, 3.078571, 0.114218
0.683246, -0.136246, 3.088625, 0.112700
0.677504, -0.143199, 3.088215, 0.114434
0.664886, -0.142911, 3.093674, 0.113351
0.670035, -0.136503, 3.092915, 0.111834
0.665346, -0.137829, 3.094328, 0.113784
0.664555, -0.142373, 3.090426, 0.111834
0.670784, -0.141010, 3.085937, 0.112484
0.666592, -0.140841, 3.092472, 0.113351
0.669006, -0.134520, 3.093021, 0.114001
0.668112, -0.141519, 3.087473, 0.112917
0.662783, -0.135181, 3.095901, 0.114434
0.671280, -0.137008, 3.091876, 0.114218
0.678154, -0.138258, 3.083856, 0.112700
0.677797, -0.139573, 3.089010, 0.113784
0.672450, -0.135766, 3.091982, 0.111834
0.662497, -0.140889, 3.090377, 0.111834
0.661917, -0.146853, 3.092223, 0.112700
0.660108, -0.133420, 3.095368, 0.114001
0.662203, -0.145818, 3.091172, 0.112267
0.675322, -0.141608, 3.087061, 0.113567
0.671874, -0.140950, 3.090228, 0.114001
0.676336, -0.136963, 3.089823, 0.112917
0.685066, -0.151704, 3.078005, 0.114651
0.692187, -0.141007, 3.084435, 0.113351
0.692678, -0.141588, 3.084153, 0.112700
0.685153, -0.142616, 3.082746, 0.113134
0.675497, -0.133805, 3.088685, 0.113784
0.667229, -0.139193, 3.090843, 0.111617
0.667824, -0.136878, 3.094086, 0.112917
0.666094, -0.135898, 3.094818, 0.114218
0.663298, -0.138543, 3.090978, 0.112700
0.658805, -0.132808, 3.097128, 0.114651
0.663360, -0.140651, 3.095170, 0.114001
0.664125, -0.140148, 3.097529, 0.113567
0.671598, -0.144396, 3.084706, 0.113351
0.672457, -0.141080, 3.087737, 0.114434
0.671804, -0.134093, 3.092963, 0.112700
0.674204, -0.133545, 3.094187, 0.112917
0.676419, -0.136763, 3.090260, 0.113784
0.689568, -0.136170, 3.086626, 0.112267
0.696578, -0.132050, 3.087378, 0.114434
0.694698, -0.135786, 3.089092, 0.114001
0.693034, -0.137725, 3.084111, 0.113134
0.680934, -0.134125, 3.088182, 0.112700
0.673345, -0.137297, 3.089901, 0.114868
0.672220, -0.138013, 3.087894, 0.113351
0.678091, -0.138961, 3.088311, 0.113351
0.664735, -0.135955, 3.094483, 0.114001
